{"cameraMode":{"drawMode":0,"name":"Shaded","section":"Shading Mode"},"sceneLighting":true,"audioPlay":false,"sceneViewState":{"m_AlwaysRefresh":true,"showFog":true,"showSkybox":true,"showFlares":true,"showImageEffects":true,"showParticleSystems":true,"showVisualEffectGraphs":true,"m_FxEnabled":true},"in2DMode":false,"pivot":{"x":-1.9070936441421509,"y":4.400018692016602,"z":4.309271335601807},"rotation":{"x":-0.0017944663995876909,"y":0.9943537712097168,"z":-0.10479246079921723,"w":-0.01700701378285885},"size":2.5839650630950929,"orthographic":true}