{"cameraMode":{"drawMode":0,"name":"Shaded","section":"Shading Mode"},"sceneLighting":true,"audioPlay":false,"sceneViewState":{"m_AlwaysRefresh":false,"showFog":true,"showSkybox":true,"showFlares":true,"showImageEffects":true,"showParticleSystems":true,"showVisualEffectGraphs":true,"m_FxEnabled":false},"in2DMode":false,"pivot":{"x":51.50166320800781,"y":-0.4863312244415283,"z":-18.480527877807618},"rotation":{"x":0.10736063867807388,"y":-0.5976291298866272,"z":0.08117026835680008,"w":0.7904022336006165},"size":12.043401718139649,"orthographic":false}