{"cameraMode":{"drawMode":0,"name":"Shaded","section":"Shading Mode"},"sceneLighting":true,"audioPlay":false,"sceneViewState":{"m_AlwaysRefresh":true,"showFog":true,"showSkybox":true,"showFlares":true,"showImageEffects":true,"showParticleSystems":true,"showVisualEffectGraphs":true,"m_FxEnabled":true},"in2DMode":false,"pivot":{"x":0.940000057220459,"y":3.5999999046325685,"z":9.899999618530274},"rotation":{"x":-0.018483897671103479,"y":-0.8575230240821838,"z":0.030882950872182847,"w":-0.5132138133049011},"size":5.300577640533447,"orthographic":true}