{"cameraMode":{"drawMode":0,"name":"Shaded","section":"Shading Mode"},"sceneLighting":true,"audioPlay":false,"sceneViewState":{"m_AlwaysRefresh":false,"showFog":true,"showSkybox":true,"showFlares":true,"showImageEffects":true,"showParticleSystems":true,"showVisualEffectGraphs":true,"m_FxEnabled":false},"in2DMode":false,"pivot":{"x":1.2088557481765748,"y":0.7897272109985352,"z":9.34407901763916},"rotation":{"x":0.19225820899009705,"y":0.019134867936372758,"z":-0.0037495107389986517,"w":0.98115074634552},"size":9.994592666625977,"orthographic":false}