{"cameraMode":{"drawMode":0,"name":"Shaded","section":"Shading Mode"},"sceneLighting":true,"audioPlay":false,"sceneViewState":{"m_AlwaysRefresh":true,"showFog":true,"showSkybox":true,"showFlares":true,"showImageEffects":true,"showParticleSystems":true,"showVisualEffectGraphs":true,"m_FxEnabled":true},"in2DMode":false,"pivot":{"x":1.5116777420043946,"y":9.126632690429688,"z":-1.5967254638671876},"rotation":{"x":0.18979452550411225,"y":0.7364787459373474,"z":-0.23024262487888337,"w":0.6070973873138428},"size":12.435890197753907,"orthographic":true}