{"cameraMode":{"drawMode":0,"name":"Shaded","section":"Shading Mode"},"sceneLighting":true,"audioPlay":false,"sceneViewState":{"m_AlwaysRefresh":true,"showFog":true,"showSkybox":true,"showFlares":true,"showImageEffects":true,"showParticleSystems":true,"showVisualEffectGraphs":true,"m_FxEnabled":true},"in2DMode":false,"pivot":{"x":9.59128189086914,"y":12.140594482421875,"z":1.7919731140136719},"rotation":{"x":0.27631351351737978,"y":0.31920039653778078,"z":-0.0978674441576004,"w":0.9012249708175659},"size":4.440120697021484,"orthographic":true}