{"cameraMode":{"drawMode":0,"name":"Shaded","section":"Shading Mode"},"sceneLighting":true,"audioPlay":false,"sceneViewState":{"m_AlwaysRefresh":false,"showFog":true,"showSkybox":true,"showFlares":true,"showImageEffects":true,"showParticleSystems":true,"showVisualEffectGraphs":true,"m_FxEnabled":false},"in2DMode":false,"pivot":{"x":-8.07470417022705,"y":8.575332641601563,"z":-5.589262008666992},"rotation":{"x":-0.00009979332389775664,"y":-0.999899685382843,"z":0.008999177254736424,"w":-0.011100365780293942},"size":16.490713119506837,"orthographic":true}