{"cameraMode":{"drawMode":0,"name":"Shaded","section":"Shading Mode"},"sceneLighting":true,"audioPlay":false,"sceneViewState":{"m_AlwaysRefresh":true,"showFog":true,"showSkybox":true,"showFlares":true,"showImageEffects":true,"showParticleSystems":true,"showVisualEffectGraphs":true,"m_FxEnabled":true},"in2DMode":false,"pivot":{"x":0.29740428924560549,"y":4.3643798828125,"z":-4.255301475524902},"rotation":{"x":0.016705628484487535,"y":-0.9832314252853394,"z":0.13555298745632173,"w":0.12125112116336823},"size":12.955026626586914,"orthographic":true}