{"cameraMode":{"drawMode":0,"name":"Shaded","section":"Shading Mode"},"sceneLighting":true,"audioPlay":false,"sceneViewState":{"m_AlwaysRefresh":true,"showFog":true,"showSkybox":true,"showFlares":true,"showImageEffects":true,"showParticleSystems":true,"showVisualEffectGraphs":true,"m_FxEnabled":true},"in2DMode":false,"pivot":{"x":0.690840482711792,"y":5.611028671264648,"z":6.711511135101318},"rotation":{"x":0.0030577511060982944,"y":0.9812171459197998,"z":-0.19227123260498048,"w":0.015601455233991146},"size":4.089062213897705,"orthographic":true}