{"cameraMode":{"drawMode":0,"name":"Shaded","section":"Shading Mode"},"sceneLighting":true,"audioPlay":false,"sceneViewState":{"m_AlwaysRefresh":false,"showFog":true,"showSkybox":true,"showFlares":true,"showImageEffects":true,"showParticleSystems":true,"showVisualEffectGraphs":true,"m_FxEnabled":false},"in2DMode":false,"pivot":{"x":0.22007901966571809,"y":1.0954757928848267,"z":0.39417457580566409},"rotation":{"x":0.0797467902302742,"y":0.45937851071357729,"z":-0.04145606979727745,"w":0.8836817145347595},"size":1.5543773174285889,"orthographic":true}