{"cameraMode":{"drawMode":0,"name":"Shaded","section":"Shading Mode"},"sceneLighting":true,"audioPlay":false,"sceneViewState":{"m_AlwaysRefresh":false,"showFog":true,"showSkybox":true,"showFlares":true,"showImageEffects":true,"showParticleSystems":true,"showVisualEffectGraphs":true,"m_FxEnabled":false},"in2DMode":false,"pivot":{"x":-1.9779934883117676,"y":3.2470908164978029,"z":3.7776315212249758},"rotation":{"x":0.0797467902302742,"y":0.45937851071357729,"z":-0.04145606979727745,"w":0.8836817145347595},"size":7.561357021331787,"orthographic":true}