{"cameraMode":{"drawMode":0,"name":"Shaded","section":"Shading Mode"},"sceneLighting":true,"audioPlay":false,"sceneViewState":{"m_AlwaysRefresh":false,"showFog":true,"showSkybox":true,"showFlares":true,"showImageEffects":true,"showParticleSystems":true,"showVisualEffectGraphs":true,"m_FxEnabled":true},"in2DMode":false,"pivot":{"x":3.097829818725586,"y":10.446632385253907,"z":5.867384433746338},"rotation":{"x":0.0032632090151309969,"y":0.9966012239456177,"z":-0.04937222972512245,"w":0.06587160378694534},"size":10.933730125427246,"orthographic":true}